from,national_forecast,national_actual,uk-lon,uk-soe,uk-eae,uk-swe,uk-wmd,uk-swa,uk-nwm
2026-09-01T00:00Z,137,71,144,213,105,373,155,378,86
2026-09-01T00:30Z,136,68,145,211,107,371,152,378,86
2026-09-01T01:00Z,134,66,142,203,105,367,153,379,87
2026-09-01T01:30Z,130,63,140,195,102,362,149,379,77
2026-09-01T02:00Z,128,61,145,193,109,361,144,380,56
2026-09-01T02:30Z,129,59,149,196,107,364,135,379,36
2026-09-01T03:00Z,131,56,155,192,117,362,123,377,32
2026-09-01T03:30Z,125,60,157,188,116,363,118,377,30
2026-09-01T04:00Z,114,72,149,172,103,363,106,375,29
2026-09-01T04:30Z,112,86,160,171,119,358,92,371,18
2026-09-01T05:00Z,112,98,158,170,119,351,87,368,19
2026-09-01T05:30Z,111,95,169,166,149,337,70,361,15
2026-09-01T06:00Z,111,99,96,119,49,321,41,365,9
2026-09-01T06:30Z,100,95,91,107,48,276,24,331,6
2026-09-01T07:00Z,89,87,88,92,55,232,19,298,4
2026-09-01T07:30Z,84,77,88,81,57,215,12,219,5
2026-09-01T08:00Z,83,70,84,74,58,182,16,76,12
2026-09-01T08:30Z,77,60,62,61,56,127,19,62,25
2026-09-01T09:00Z,75,54,53,48,46,98,18,31,32
2026-09-01T09:30Z,69,56,51,44,45,84,17,30,30
2026-09-01T10:00Z,67,56,51,44,46,84,17,30,30
2026-09-01T10:30Z,65,59,52,45,51,78,19,27,32
2026-09-01T11:00Z,45,59,55,47,56,72,21,55,35
2026-09-01T11:30Z,46,58,55,47,57,72,20,60,35
2026-09-01T12:00Z,48,54,58,48,61,71,20,61,36
2026-09-01T12:30Z,50,56,62,52,67,84,24,55,37
2026-09-01T13:00Z,51,61,66,55,68,89,27,32,39
2026-09-01T13:30Z,55,63,68,58,70,94,27,66,40
2026-09-01T14:00Z,63,64,72,63,74,102,29,87,41
2026-09-01T14:30Z,65,67,73,67,78,107,31,85,43
2026-09-01T15:00Z,66,82,82,73,85,117,33,89,41
2026-09-01T15:30Z,71,100,87,78,91,133,36,99,43
2026-09-01T16:00Z,78,118,97,87,100,150,40,148,50
2026-09-01T16:30Z,87,139,107,94,108,183,43,229,55
2026-09-01T17:00Z,102,148,115,107,114,223,65,303,60
2026-09-01T17:30Z,113,158,133,131,124,255,83,335,64
2026-09-01T18:00Z,119,161,146,152,131,316,90,354,54
2026-09-01T18:30Z,132,159,161,175,140,345,100,365,46
2026-09-01T19:00Z,136,160,161,182,140,366,100,368,44
2026-09-01T19:30Z,134,159,155,177,130,365,104,371,26
2026-09-01T20:00Z,127,160,150,172,125,360,109,371,26
2026-09-01T20:30Z,122,163,146,166,121,359,94,366,21
2026-09-01T21:00Z,107,163,134,152,106,358,73,358,23
2026-09-01T21:30Z,96,164,115,132,91,352,65,351,23
2026-09-01T22:00Z,90,164,107,123,83,348,60,344,24
2026-09-01T22:30Z,95,160,112,133,86,350,67,341,32
2026-09-01T23:00Z,94,164,114,131,90,347,60,334,30
2026-09-01T23:30Z,94,159,114,133,90,344,59,333,15
2026-09-02T00:00Z,102,160,120,148,97,341,74,342,15
2026-09-02T00:30Z,98,156,120,146,94,338,71,334,16
2026-09-02T01:00Z,99,156,119,144,90,336,75,333,16
2026-09-02T01:30Z,100,166,119,142,88,334,75,332,11
2026-09-02T02:00Z,100,167,116,144,87,330,79,330,20
2026-09-02T02:30Z,102,169,117,147,91,326,82,328,18
2026-09-02T03:00Z,107,172,108,148,75,322,85,324,32
2026-09-02T03:30Z,104,178,108,156,77,323,88,321,38
2026-09-02T04:00Z,106,180,105,153,73,317,89,321,28
2026-09-02T04:30Z,118,181,125,173,88,311,122,337,34
2026-09-02T05:00Z,131,181,132,184,96,293,150,346,39
2026-09-02T05:30Z,144,173,144,193,110,280,154,341,72
2026-09-02T06:00Z,143,175,144,192,107,263,160,338,91
2026-09-02T06:30Z,135,166,140,179,108,229,142,319,94
2026-09-02T07:00Z,127,167,130,150,112,170,128,300,95
2026-09-02T07:30Z,118,164,119,141,102,129,125,293,93
2026-09-02T08:00Z,109,160,101,123,98,88,110,273,85
2026-09-02T08:30Z,101,154,88,113,90,74,99,251,86
2026-09-02T09:00Z,95,152,81,106,84,54,91,226,87
2026-09-02T09:30Z,89,150,81,93,87,77,85,216,84
2026-09-02T10:00Z,87,145,75,93,81,66,78,205,79
2026-09-02T10:30Z,86,140,75,90,84,69,79,196,76
2026-09-02T11:00Z,85,134,72,91,84,64,77,196,67
2026-09-02T11:30Z,81,135,72,88,82,48,71,195,51
2026-09-02T12:00Z,79,128,122,147,173,85,124,264,122
2026-09-02T12:30Z,77,132,120,150,168,83,125,274,113
2026-09-02T13:00Z,78,131,121,153,171,96,124,267,120
2026-09-02T13:30Z,81,127,127,147,182,89,112,257,106
2026-09-02T14:00Z,85,126,131,144,183,84,108,259,104
2026-09-02T14:30Z,86,123,132,148,163,82,109,264,99
2026-09-02T15:00Z,90,129,127,161,147,96,118,266,115
2026-09-02T15:30Z,95,134,122,177,127,131,144,292,130
2026-09-02T16:00Z,101,135,122,179,126,126,142,293,129
2026-09-02T16:30Z,135,147,140,199,128,156,141,305,124
2026-09-02T17:00Z,136,145,142,206,124,218,141,307,121
2026-09-02T17:30Z,141,145,144,205,120,283,129,309,97
2026-09-02T18:00Z,136,142,143,208,116,318,123,313,84
2026-09-02T18:30Z,134,143,139,209,109,328,126,320,84
2026-09-02T19:00Z,125,138,144,210,113,339,117,318,79
2026-09-02T19:30Z,121,136,144,204,115,335,113,308,95
2026-09-02T20:00Z,126,130,139,204,101,337,116,318,86
2026-09-02T20:30Z,115,124,123,194,85,338,113,320,86
2026-09-02T21:00Z,119,106,109,178,70,331,91,314,31
2026-09-02T21:30Z,110,81,77,140,54,307,64,285,29
2026-09-02T22:00Z,92,78,69,127,50,312,49,273,20
2026-09-02T22:30Z,72,69,59,117,45,306,38,263,9
2026-09-02T23:00Z,67,64,53,104,42,293,35,257,11
2026-09-02T23:30Z,65,67,63,125,52,282,20,215,12
2026-09-03T00:00Z,59,64,63,128,52,298,22,220,14
2026-09-03T00:30Z,59,60,57,119,49,297,21,211,14
2026-09-03T01:00Z,60,57,55,109,47,297,26,231,14
2026-09-03T01:30Z,56,57,56,107,46,292,28,239,14
2026-09-03T02:00Z,56,56,56,105,47,291,29,242,18
2026-09-03T02:30Z,58,63,58,103,50,299,39,265,18
2026-09-03T03:00Z,54,66,63,113,54,301,47,273,27
2026-09-03T03:30Z,57,75,71,123,60,308,56,281,32
2026-09-03T04:00Z,64,81,83,137,69,322,67,294,46
2026-09-03T04:30Z,67,88,92,141,78,332,56,279,52
2026-09-03T05:00Z,72,100,101,155,83,342,74,306,61
2026-09-03T05:30Z,82,87,98,147,78,337,64,301,49
2026-09-03T06:00Z,78,87,95,146,74,337,66,310,46
2026-09-03T06:30Z,82,77,97,121,100,307,47,294,36
2026-09-03T07:00Z,81,71,94,102,92,266,39,278,27
2026-09-03T07:30Z,75,63,76,91,77,222,34,252,31
2026-09-03T08:00Z,69,58,72,98,78,218,24,137,30
2026-09-03T08:30Z,61,53,74,78,91,166,21,79,28
2026-09-03T09:00Z,59,46,69,61,85,116,15,53,20
2026-09-03T09:30Z,50,44,78,51,99,88,13,37,16
2026-09-03T10:00Z,40,40,74,46,95,57,10,31,11
2026-09-03T10:30Z,40,39,75,51,93,52,9,25,6
2026-09-03T11:00Z,38,42,75,51,93,47,9,55,8
2026-09-03T11:30Z,36,42,74,48,93,33,9,43,7
2026-09-03T12:00Z,37,40,73,46,91,31,8,54,7
2026-09-03T12:30Z,34,38,69,39,85,34,8,51,8
2026-09-03T13:00Z,34,42,70,43,86,41,10,62,10
2026-09-03T13:30Z,33,41,67,44,80,46,11,79,12
2026-09-03T14:00Z,41,50,68,51,85,61,14,104,17
2026-09-03T14:30Z,45,62,86,55,111,63,22,153,29
2026-09-03T15:00Z,49,74,89,62,113,75,37,200,36
2026-09-03T15:30Z,61,86,94,88,112,100,52,224,43
2026-09-03T16:00Z,73,92,97,104,117,115,62,247,45
2026-09-03T16:30Z,89,99,104,119,126,146,57,245,40
2026-09-03T17:00Z,101,109,115,139,139,174,64,246,46
2026-09-03T17:30Z,114,115,130,148,147,233,61,259,38
2026-09-03T18:00Z,107,117,133,160,149,270,64,266,40
2026-09-03T18:30Z,110,108,125,151,150,278,64,272,37
2026-09-03T19:00Z,107,106,125,160,149,293,58,252,40
2026-09-03T19:30Z,98,108,138,173,150,302,62,259,43
2026-09-03T20:00Z,102,105,135,171,152,299,54,239,38
2026-09-03T20:30Z,108,104,137,168,142,296,54,245,32
2026-09-03T21:00Z,98,101,133,162,138,293,48,221,31
2026-09-03T21:30Z,90,89,98,159,92,281,41,201,25
2026-09-03T22:00Z,87,86,92,158,84,281,37,194,19
2026-09-03T22:30Z,73,82,83,165,71,269,31,172,15
2026-09-03T23:00Z,66,77,77,154,69,255,30,169,13
2026-09-03T23:30Z,62,74,92,135,94,230,25,167,3
2026-09-04T00:00Z,67,71,92,129,93,201,26,154,4
2026-09-04T00:30Z,66,67,77,124,75,174,26,156,3
2026-09-04T01:00Z,63,67,76,123,74,168,26,149,4
2026-09-04T01:30Z,63,63,62,118,58,165,30,183,6
2026-09-04T02:00Z,60,62,61,118,56,164,30,192,8
2026-09-04T02:30Z,58,67,79,118,78,171,29,198,6
2026-09-04T03:00Z,63,66,77,110,77,167,33,213,10
2026-09-04T03:30Z,66,81,73,124,69,184,43,225,23
2026-09-04T04:00Z,63,88,83,136,77,177,47,232,23
2026-09-04T04:30Z,67,109,97,157,93,190,59,253,44
2026-09-04T05:00Z,76,118,105,164,100,188,61,265,47
2026-09-04T05:30Z,94,118,109,163,104,217,57,273,50
2026-09-04T06:00Z,96,112,109,160,101,277,62,297,63
2026-09-04T06:30Z,90,93,108,142,110,287,60,307,48
2026-09-04T07:00Z,89,82,98,125,99,277,44,283,50
2026-09-04T07:30Z,84,58,70,89,76,197,21,232,27
2026-09-04T08:00Z,71,53,60,76,62,171,16,215,21
2026-09-04T08:30Z,52,49,44,69,37,134,16,209,20
2026-09-04T09:00Z,43,49,49,73,43,137,17,184,19
2026-09-04T09:30Z,42,54,53,81,47,144,19,174,21
2026-09-04T10:00Z,45,51,52,77,45,131,16,187,13
2026-09-04T10:30Z,51,43,48,62,36,105,12,159,10
2026-09-04T11:00Z,48,43,44,60,32,89,11,120,10
2026-09-04T11:30Z,41,46,45,58,35,83,12,123,8
2026-09-04T12:00Z,38,43,45,54,35,75,11,119,7
2026-09-04T12:30Z,40,40,43,52,36,78,11,131,10
2026-09-04T13:00Z,39,41,44,51,37,81,10,140,8
2026-09-04T13:30Z,37,40,41,46,33,77,11,144,10
2026-09-04T14:00Z,38,42,41,48,35,83,10,157,8
2026-09-04T14:30Z,37,46,44,51,39,91,13,184,10
2026-09-04T15:00Z,39,53,50,59,44,107,21,212,11
2026-09-04T15:30Z,43,65,70,77,66,144,30,246,17
2026-09-04T16:00Z,49,73,80,89,74,184,34,263,16
2026-09-04T16:30Z,59,84,88,102,77,237,46,289,20
2026-09-04T17:00Z,67,91,105,124,88,266,62,309,21
2026-09-04T17:30Z,78,95,109,133,90,297,62,318,21
2026-09-04T18:00Z,88,100,115,144,93,315,71,330,22
2026-09-04T18:30Z,88,100,119,146,97,323,71,337,18
2026-09-04T19:00Z,94,100,119,153,91,334,71,339,15
2026-09-04T19:30Z,92,92,119,153,91,334,71,339,15
2026-09-04T20:00Z,94,85,115,156,85,334,65,334,15
2026-09-04T20:30Z,92,75,111,157,83,335,59,332,13
2026-09-04T21:00Z,87,71,107,154,80,337,47,322,11
2026-09-04T21:30Z,80,67,102,147,76,340,46,323,10
2026-09-04T22:00Z,70,64,92,134,69,342,22,295,6
2026-09-04T22:30Z,65,72,82,125,60,345,10,268,3
2026-09-04T23:00Z,58,75,78,120,55,345,8,235,2
2026-09-04T23:30Z,52,72,74,112,54,343,6,270,2
2026-09-05T00:00Z,52,69,73,111,55,348,10,281,2
2026-09-05T00:30Z,48,67,68,107,51,350,7,175,2
2026-09-05T01:00Z,46,66,66,105,49,351,6,144,1
2026-09-05T01:30Z,44,67,68,107,48,353,6,121,1
2026-09-05T02:00Z,43,64,71,112,48,355,7,53,1
2026-09-05T02:30Z,41,64,69,112,45,357,7,5,1
2026-09-05T03:00Z,40,60,68,110,45,359,6,4,1
2026-09-05T03:30Z,41,56,68,114,45,361,8,6,1
2026-09-05T04:00Z,40,55,70,112,47,362,9,7,1
2026-09-05T04:30Z,41,57,71,104,48,363,10,83,2
2026-09-05T05:00Z,42,64,67,97,47,360,12,103,3
2026-09-05T05:30Z,41,65,68,91,46,336,10,84,2
2026-09-05T06:00Z,38,64,63,84,44,307,11,17,2
2026-09-05T06:30Z,35,67,59,64,40,243,9,7,2
2026-09-05T07:00Z,35,62,55,58,39,220,14,14,8
2026-09-05T07:30Z,33,53,54,51,35,183,14,32,11
2026-09-05T08:00Z,30,51,52,42,32,163,13,22,12
2026-09-05T08:30Z,28,46,47,37,34,149,11,8,9
2026-09-05T09:00Z,26,45,38,33,34,128,9,18,6
2026-09-05T09:30Z,29,45,43,35,37,118,9,16,4
2026-09-05T10:00Z,28,46,43,31,37,98,10,29,5
2026-09-05T10:30Z,28,45,44,32,41,93,9,32,3
2026-09-05T11:00Z,28,46,44,31,41,90,9,20,3
2026-09-05T11:30Z,30,49,44,29,42,87,9,50,3
2026-09-05T12:00Z,30,48,45,32,44,86,10,20,3
2026-09-05T12:30Z,32,45,48,32,48,86,9,36,3
2026-09-05T13:00Z,33,48,50,35,50,87,9,47,3
2026-09-05T13:30Z,35,51,55,39,56,85,10,43,3
2026-09-05T14:00Z,37,52,59,39,59,91,11,36,8
2026-09-05T14:30Z,42,64,67,41,66,103,12,95,15
2026-09-05T15:00Z,47,74,78,52,72,116,19,92,25
2026-09-05T15:30Z,75,89,97,65,86,136,35,223,52
2026-09-05T16:00Z,103,106,131,119,114,136,70,279,76
2026-09-05T16:30Z,131,117,162,159,136,184,104,322,93
2026-09-05T17:00Z,153,132,186,190,155,220,132,352,97
2026-09-05T17:30Z,174,141,219,226,184,275,151,368,98
2026-09-05T18:00Z,186,151,233,246,193,340,155,377,102
2026-09-05T18:30Z,188,155,241,260,194,363,161,384,90
2026-09-05T19:00Z,191,152,245,270,195,386,162,389,74
2026-09-05T19:30Z,185,150,243,270,190,381,159,389,64
2026-09-05T20:00Z,180,144,244,272,183,380,156,389,46
2026-09-05T20:30Z,178,138,245,280,181,377,161,389,48
2026-09-05T21:00Z,178,132,247,284,181,368,160,389,55
2026-09-05T21:30Z,174,120,248,297,180,368,161,388,30
2026-09-05T22:00Z,173,111,254,300,184,364,155,387,33
2026-09-05T22:30Z,173,98,256,306,179,351,152,386,31
2026-09-05T23:00Z,169,86,262,315,181,355,147,384,26
2026-09-05T23:30Z,156,78,252,331,171,349,134,381,23
2026-09-06T00:00Z,147,77,243,346,157,331,117,376,24
2026-09-06T00:30Z,140,72,247,351,157,335,108,372,13
2026-09-06T01:00Z,134,67,253,354,162,335,100,366,9
2026-09-06T01:30Z,124,69,250,359,163,313,70,350,6
2026-09-06T02:00Z,112,66,242,352,158,301,41,299,4
2026-09-06T02:30Z,108,74,228,351,163,257,42,276,3
2026-09-06T03:00Z,103,67,214,347,164,248,44,277,6
2026-09-06T03:30Z,96,72,207,338,158,245,37,277,6
2026-09-06T04:00Z,88,66,188,302,160,239,30,267,6
2026-09-06T04:30Z,84,66,193,287,163,260,29,191,7
2026-09-06T05:00Z,80,60,192,279,162,274,29,146,8
2026-09-06T05:30Z,78,65,193,255,161,264,27,127,10
2026-09-06T06:00Z,75,66,184,241,164,254,28,118,9
2026-09-06T06:30Z,69,60,165,192,157,196,20,106,6
2026-09-06T07:00Z,65,56,153,163,153,154,22,98,8
2026-09-06T07:30Z,59,47,138,131,145,134,20,76,9
2026-09-06T08:00Z,55,40,131,105,135,104,19,53,9
2026-09-06T08:30Z,51,38,113,101,127,98,18,23,10
2026-09-06T09:00Z,46,37,109,81,120,66,17,11,7
2026-09-06T09:30Z,42,35,106,49,113,36,12,7,4
2026-09-06T10:00Z,41,35,100,47,108,39,12,7,3
2026-09-06T10:30Z,41,33,95,46,108,35,13,7,8
2026-09-06T11:00Z,38,33,95,43,104,34,14,7,10
2026-09-06T11:30Z,37,35,88,40,104,29,14,7,14
2026-09-06T12:00Z,39,35,86,42,101,33,15,7,13
2026-09-06T12:30Z,36,36,80,38,95,26,13,6,13
2026-09-06T13:00Z,36,35,79,36,92,29,12,6,13
2026-09-06T13:30Z,35,36,75,36,88,33,11,6,10
2026-09-06T14:00Z,36,47,79,37,87,48,10,5,9
2026-09-06T14:30Z,38,61,83,97,62,71,12,87,13
2026-09-06T15:00Z,35,74,106,121,72,97,19,117,23
2026-09-06T15:30Z,40,83,116,134,81,116,25,209,28
2026-09-06T16:00Z,43,94,128,158,94,139,38,234,34
2026-09-06T16:30Z,48,111,150,178,107,171,44,263,38
2026-09-06T17:00Z,51,121,161,194,115,227,63,308,43
2026-09-06T17:30Z,54,133,167,209,115,288,122,359,50
2026-09-06T18:00Z,55,133,174,226,116,349,115,367,50
2026-09-06T18:30Z,54,130,176,225,115,364,117,371,47
2026-09-06T19:00Z,137,122,164,214,107,373,120,377,44
2026-09-06T19:30Z,117,110,146,189,104,368,104,376,41
2026-09-06T20:00Z,119,100,130,175,90,360,97,376,36
2026-09-06T20:30Z,109,90,116,153,84,353,90,374,29
2026-09-06T21:00Z,99,84,107,139,79,337,79,371,27
2026-09-06T21:30Z,83,73,88,121,66,332,60,367,23
2026-09-06T22:00Z,87,66,80,108,61,320,48,358,17
2026-09-06T22:30Z,84,61,73,92,62,287,35,343,13
2026-09-06T23:00Z,91,59,72,87,63,262,29,334,12
2026-09-06T23:30Z,98,58,68,79,62,235,23,307,23
2026-09-07T00:00Z,65,53,61,74,56,190,22,307,23
2026-09-07T00:30Z,63,50,57,71,50,167,22,300,21
2026-09-07T01:00Z,59,47,54,63,50,152,19,291,20
2026-09-07T01:30Z,56,47,51,64,45,142,20,293,20
2026-09-07T02:00Z,53,49,55,65,47,102,22,291,22
2026-09-07T02:30Z,51,60,68,77,57,97,33,315,27
2026-09-07T03:00Z,54,63,73,83,61,139,39,326,25
2026-09-07T03:30Z,63,68,77,89,63,184,44,330,27
2026-09-07T04:00Z,66,73,84,93,68,212,52,336,29
2026-09-07T04:30Z,72,86,99,102,79,260,64,350,28
2026-09-07T05:00Z,71,104,112,126,82,273,89,358,48
2026-09-07T05:30Z,86,92,108,124,83,242,69,352,43
2026-09-07T06:00Z,95,97,102,122,83,223,58,351,31
2026-09-07T06:30Z,90,85,91,117,80,194,45,328,27
2026-09-07T07:00Z,82,85,91,111,81,170,41,302,26
2026-09-07T07:30Z,74,81,90,110,75,163,33,268,20
2026-09-07T08:00Z,71,68,86,104,66,149,35,158,25
2026-09-07T08:30Z,60,69,82,94,64,145,26,120,16
2026-09-07T09:00Z,62,69,84,87,69,155,29,118,19
2026-09-07T09:30Z,59,62,87,79,66,140,26,52,10
2026-09-07T10:00Z,55,58,80,70,60,140,22,74,8
2026-09-07T10:30Z,58,60,83,72,61,136,25,88,13
2026-09-07T11:00Z,54,58,81,68,66,120,26,79,22
2026-09-07T11:30Z,54,53,74,64,55,99,25,92,34
2026-09-07T12:00Z,56,53,68,64,56,98,22,112,34
2026-09-07T12:30Z,53,55,68,70,52,97,23,165,38
2026-09-07T13:00Z,50,56,67,70,52,97,23,166,38
2026-09-07T13:30Z,51,59,66,71,58,102,26,177,41
2026-09-07T14:00Z,52,63,62,70,62,106,21,185,25
2026-09-07T14:30Z,51,71,59,71,64,120,17,147,22
2026-09-07T15:00Z,53,82,67,74,72,135,17,137,21
2026-09-07T15:30Z,72,106,79,98,82,136,30,244,39
2026-09-07T16:00Z,85,121,99,117,106,164,37,273,36
2026-09-07T16:30Z,94,143,102,145,103,188,59,312,37
2026-09-07T17:00Z,103,142,113,169,110,218,67,326,37
2026-09-07T17:30Z,103,146,118,177,115,255,66,335,32
2026-09-07T18:00Z,101,146,119,181,114,282,61,331,31
2026-09-07T18:30Z,97,136,121,178,109,317,55,331,25
2026-09-07T19:00Z,93,130,124,170,107,312,47,326,28
2026-09-07T19:30Z,89,119,123,168,109,319,34,302,24
2026-09-07T20:00Z,85,108,115,150,100,320,29,296,19
2026-09-07T20:30Z,79,104,112,139,98,323,24,286,14
2026-09-07T21:00Z,74,97,108,124,93,317,28,289,20
2026-09-07T21:30Z,73,99,106,121,91,318,30,285,23
2026-09-07T22:00Z,72,105,103,112,93,317,25,266,23
2026-09-07T22:30Z,76,97,97,106,86,315,26,274,23
2026-09-07T23:00Z,75,97,97,103,86,309,24,275,22
2026-09-07T23:30Z,79,107,102,112,88,309,29,293,21
2026-09-08T00:00Z,79,106,100,106,84,311,24,279,22
2026-09-08T00:30Z,80,93,101,110,84,315,23,280,24
2026-09-08T01:00Z,79,82,101,111,86,318,26,286,24
2026-09-08T01:30Z,81,76,101,112,87,320,27,294,23
2026-09-08T02:00Z,80,79,101,110,85,325,25,291,23
2026-09-08T02:30Z,78,80,99,107,86,308,22,220,23
2026-09-08T03:00Z,77,80,100,112,86,316,24,217,23
2026-09-08T03:30Z,77,83,101,114,88,323,23,212,21
2026-09-08T04:00Z,76,84,98,110,84,320,22,191,21
2026-09-08T04:30Z,77,93,99,114,88,322,23,258,24
2026-09-08T05:00Z,77,111,97,120,86,325,23,266,25
2026-09-08T05:30Z,76,116,99,119,88,328,21,267,23
2026-09-08T06:00Z,74,121,99,116,90,309,23,228,31
2026-09-08T06:30Z,67,98,96,105,84,290,21,204,30
2026-09-08T07:00Z,62,95,90,84,79,224,21,191,30
2026-09-08T07:30Z,57,91,83,72,72,187,19,242,32
2026-09-08T08:00Z,51,94,82,76,70,160,19,224,31
2026-09-08T08:30Z,48,87,80,77,64,128,17,189,27
2026-09-08T09:00Z,44,87,73,62,61,107,17,167,28
2026-09-08T09:30Z,42,87,71,59,60,124,18,149,29
2026-09-08T10:00Z,39,79,67,40,60,111,17,157,28
2026-09-08T10:30Z,40,79,61,39,58,111,17,135,28
2026-09-08T11:00Z,40,73,64,39,62,104,17,109,27
2026-09-08T11:30Z,38,72,60,41,56,103,16,113,26
2026-09-08T12:00Z,38,74,55,38,54,103,16,123,27
2026-09-08T12:30Z,40,74,57,42,54,102,16,127,27
2026-09-08T13:00Z,44,73,111,73,130,130,24,142,30
2026-09-08T13:30Z,47,76,113,76,133,138,26,174,27
2026-09-08T14:00Z,49,77,114,77,131,156,22,182,25
2026-09-08T14:30Z,50,80,124,87,132,170,25,182,26
2026-09-08T15:00Z,51,75,120,87,123,178,22,193,19
2026-09-08T15:30Z,52,75,115,88,120,207,22,177,18
2026-09-08T16:00Z,52,73,98,90,113,212,21,161,11
2026-09-08T16:30Z,53,87,114,107,113,225,22,170,14
2026-09-08T17:00Z,57,84,113,112,108,242,19,197,9
2026-09-08T17:30Z,80,90,110,114,100,263,24,197,23
2026-09-08T18:00Z,84,94,117,124,106,291,28,231,25
2026-09-08T18:30Z,80,87,115,123,104,300,29,209,26
2026-09-08T19:00Z,85,86,113,117,101,311,29,254,24
2026-09-08T19:30Z,85,88,110,117,99,317,33,283,29
2026-09-08T20:00Z,83,83,106,113,90,315,33,283,28
2026-09-08T20:30Z,80,77,101,107,87,322,30,286,25
2026-09-08T21:00Z,81,64,83,87,73,304,25,210,23
2026-09-08T21:30Z,77,58,71,77,63,290,22,175,19
2026-09-08T22:00Z,64,53,61,69,56,276,20,178,15
2026-09-08T22:30Z,59,51,57,66,53,271,19,187,15
2026-09-08T23:00Z,60,52,58,71,53,277,19,178,15
2026-09-08T23:30Z,64,49,56,78,45,255,15,150,5
2026-09-09T00:00Z,54,47,52,75,43,253,15,134,5
2026-09-09T00:30Z,50,48,53,76,43,256,16,128,6
2026-09-09T01:00Z,47,48,51,75,42,257,17,136,8
2026-09-09T01:30Z,49,47,51,74,42,264,17,128,8
2026-09-09T02:00Z,51,48,52,77,43,268,19,114,11
2026-09-09T02:30Z,54,49,53,74,44,268,18,119,9
2026-09-09T03:00Z,49,50,52,75,43,278,18,130,10
2026-09-09T03:30Z,51,53,53,78,44,290,20,136,11
2026-09-09T04:00Z,53,56,55,81,46,287,22,130,12
2026-09-09T04:30Z,55,60,56,84,48,300,23,152,10
2026-09-09T05:00Z,57,71,57,84,47,306,25,192,13
2026-09-09T05:30Z,56,64,59,84,43,291,28,142,14
2026-09-09T06:00Z,57,68,54,83,44,293,28,112,14
2026-09-09T06:30Z,53,64,56,83,43,266,27,88,13
2026-09-09T07:00Z,51,59,66,85,40,214,31,75,9
2026-09-09T07:30Z,50,57,60,72,38,190,31,62,11
2026-09-09T08:00Z,48,54,58,64,36,176,30,59,14
2026-09-09T08:30Z,49,54,57,61,34,160,28,105,14
2026-09-09T09:00Z,52,55,57,56,35,134,29,121,14
2026-09-09T09:30Z,58,59,58,58,37,123,32,162,14
2026-09-09T10:00Z,62,62,61,59,42,117,34,147,13
2026-09-09T10:30Z,57,66,64,64,48,114,37,151,15
2026-09-09T11:00Z,57,72,70,74,55,115,42,155,15
2026-09-09T11:30Z,66,77,75,81,59,114,48,146,17
2026-09-09T12:00Z,68,83,80,83,64,117,52,175,18
2026-09-09T12:30Z,75,92,87,87,74,121,63,194,23
2026-09-09T13:00Z,82,103,96,97,85,130,77,245,28
2026-09-09T13:30Z,93,118,112,119,100,142,108,285,35
2026-09-09T14:00Z,112,135,126,131,119,150,143,310,52
2026-09-09T14:30Z,124,146,138,147,136,161,173,328,61
2026-09-09T15:00Z,139,158,154,171,155,190,191,337,65
2026-09-09T15:30Z,150,164,164,182,171,212,206,348,65
2026-09-09T16:00Z,168,173,172,202,186,252,216,356,58
2026-09-09T16:30Z,183,184,203,229,204,274,214,359,66
2026-09-09T17:00Z,202,193,207,268,210,309,222,363,66
2026-09-09T17:30Z,211,202,212,283,222,336,242,373,80
2026-09-09T18:00Z,221,207,218,298,231,366,252,380,81
2026-09-09T18:30Z,219,208,219,287,241,379,259,382,80
2026-09-09T19:00Z,218,209,222,293,245,386,263,385,87
2026-09-09T19:30Z,188,204,221,292,248,386,263,386,84
2026-09-09T20:00Z,216,203,225,295,249,386,256,388,53
2026-09-09T20:30Z,216,199,245,290,247,385,228,388,43
2026-09-09T21:00Z,207,186,218,276,227,386,206,387,40
2026-09-09T21:30Z,199,172,217,251,221,383,175,385,34
2026-09-09T22:00Z,193,166,202,237,204,381,164,385,26
2026-09-09T22:30Z,178,163,204,223,204,375,160,387,28
2026-09-09T23:00Z,169,159,199,217,201,373,155,386,18
2026-09-09T23:30Z,162,151,195,213,195,374,155,388,6
2026-09-10T00:00Z,161,146,190,209,181,371,147,388,8
2026-09-10T00:30Z,157,146,183,208,184,367,146,389,10
2026-09-10T01:00Z,150,145,184,198,188,366,143,388,12
2026-09-10T01:30Z,150,150,184,217,186,371,150,388,17
2026-09-10T02:00Z,151,145,175,210,183,371,146,387,17
2026-09-10T02:30Z,138,147,206,219,169,367,119,384,17
2026-09-10T03:00Z,133,141,202,211,176,364,84,376,30
2026-09-10T03:30Z,123,140,206,216,177,366,77,371,31
2026-09-10T04:00Z,137,144,211,219,174,364,65,355,43
2026-09-10T04:30Z,144,153,226,223,207,361,69,332,61
2026-09-10T05:00Z,129,158,221,219,182,354,120,373,59
2026-09-10T05:30Z,97,160,209,231,174,343,167,380,48
2026-09-10T06:00Z,81,166,216,236,191,345,168,378,32
2026-09-10T06:30Z,149,145,193,195,188,310,154,373,26
2026-09-10T07:00Z,140,129,169,170,161,277,130,361,21
2026-09-10T07:30Z,130,107,146,145,136,206,69,322,26
2026-09-10T08:00Z,111,92,128,109,115,203,32,274,22
2026-09-10T08:30Z,82,82,111,80,112,210,34,158,31
2026-09-10T09:00Z,70,75,99,74,106,152,32,137,20
2026-09-10T09:30Z,74,71,100,73,106,153,31,76,20
2026-09-10T10:00Z,67,67,87,70,95,125,30,115,28
2026-09-10T10:30Z,66,64,83,64,94,116,31,135,33
2026-09-10T11:00Z,63,63,83,75,91,110,31,107,31
2026-09-10T11:30Z,64,64,78,82,88,111,29,104,24
2026-09-10T12:00Z,63,64,80,76,84,114,28,104,18
2026-09-10T12:30Z,64,70,77,69,84,106,25,165,14
2026-09-10T13:00Z,67,66,78,91,82,102,22,140,12
2026-09-10T13:30Z,65,66,76,111,74,98,22,153,11
2026-09-10T14:00Z,69,70,81,127,74,99,24,159,11
2026-09-10T14:30Z,67,85,102,148,96,130,30,212,12
2026-09-10T15:00Z,70,101,128,174,126,162,38,241,13
2026-09-10T15:30Z,84,122,153,204,139,238,61,292,14
2026-09-10T16:00Z,104,128,168,221,156,236,68,285,18
2026-09-10T16:30Z,125,128,169,208,150,240,69,291,14
2026-09-10T17:00Z,129,136,175,216,152,248,66,288,18
2026-09-10T17:30Z,130,135,178,220,154,288,60,275,23
2026-09-10T18:00Z,127,130,170,211,147,265,67,296,21
2026-09-10T18:30Z,134,126,167,202,142,243,63,303,20
2026-09-10T19:00Z,126,120,164,202,138,244,53,296,19
2026-09-10T19:30Z,120,115,157,193,134,264,53,313,21
2026-09-10T20:00Z,119,104,141,175,119,268,49,308,18
2026-09-10T20:30Z,114,102,132,163,110,275,54,310,19
2026-09-10T21:00Z,108,93,118,150,95,319,46,304,17
2026-09-10T21:30Z,102,88,104,138,89,297,45,303,17
2026-09-10T22:00Z,95,83,97,119,87,298,42,289,21
2026-09-10T22:30Z,84,77,89,110,81,313,41,286,22
2026-09-10T23:00Z,78,78,89,103,82,313,37,266,26
2026-09-10T23:30Z,80,73,90,129,69,346,24,278,3
2026-09-11T00:00Z,78,77,84,129,65,354,19,288,2
2026-09-11T00:30Z,72,73,81,124,70,354,17,277,2
2026-09-11T01:00Z,70,72,79,130,67,352,18,298,2
2026-09-11T01:30Z,72,74,87,138,72,361,22,311,3
2026-09-11T02:00Z,71,75,94,158,77,371,18,222,3
2026-09-11T02:30Z,75,80,96,170,69,375,19,237,3
2026-09-11T03:00Z,75,86,102,183,74,376,20,283,5
2026-09-11T03:30Z,80,101,127,204,90,381,23,288,6
2026-09-11T04:00Z,83,112,147,213,108,383,20,266,5
2026-09-11T04:30Z,99,127,166,231,109,385,23,298,7
2026-09-11T05:00Z,118,139,178,241,122,384,42,264,14
2026-09-11T05:30Z,148,130,176,226,125,379,59,348,23
2026-09-11T06:00Z,137,136,170,212,118,371,87,362,25
2026-09-11T06:30Z,137,123,157,179,120,323,93,358,23
2026-09-11T07:00Z,137,119,138,166,118,260,103,348,13
2026-09-11T07:30Z,119,112,128,150,113,225,87,323,17
2026-09-11T08:00Z,111,102,126,133,105,225,61,274,9
2026-09-11T08:30Z,100,97,119,124,95,203,56,249,13
2026-09-11T09:00Z,100,95,107,117,87,158,69,267,18
2026-09-11T09:30Z,95,95,104,111,75,132,97,304,32
2026-09-11T10:00Z,90,98,108,111,72,122,100,314,39
2026-09-11T10:30Z,97,101,112,116,79,131,93,312,37
2026-09-11T11:00Z,94,104,118,114,84,128,99,311,49
2026-09-11T11:30Z,105,105,121,116,87,128,101,314,54
2026-09-11T12:00Z,106,105,120,122,86,128,102,317,56
2026-09-11T12:30Z,105,108,123,133,88,132,104,319,55
2026-09-11T13:00Z,106,114,125,150,91,135,106,313,56
2026-09-11T13:30Z,111,124,135,161,97,148,139,331,69
2026-09-11T14:00Z,121,129,138,167,103,152,147,334,83
2026-09-11T14:30Z,131,140,149,184,115,172,164,336,91
2026-09-11T15:00Z,143,155,165,208,127,184,186,346,104
2026-09-11T15:30Z,150,166,178,209,153,201,199,352,105
2026-09-11T16:00Z,165,177,189,215,172,205,220,358,121
2026-09-11T16:30Z,181,183,196,229,181,217,229,363,131
2026-09-11T17:00Z,197,194,202,245,187,273,244,370,138
2026-09-11T17:30Z,206,197,211,256,200,312,252,377,148
2026-09-11T18:00Z,220,199,216,269,210,349,248,382,143
2026-09-11T18:30Z,211,199,219,279,216,366,246,384,140
2026-09-11T19:00Z,213,192,219,272,218,378,234,387,127
2026-09-11T19:30Z,74,187,218,258,212,374,217,385,117
2026-09-11T20:00Z,204,179,213,246,210,372,200,387,97
2026-09-11T20:30Z,189,189,230,271,215,372,192,387,64
2026-09-11T21:00Z,172,177,218,258,201,376,175,387,48
2026-09-11T21:30Z,180,177,228,249,190,380,158,389,18
2026-09-11T22:00Z,156,162,223,231,184,382,116,386,18
2026-09-11T22:30Z,151,150,216,216,175,383,85,380,10
2026-09-11T23:00Z,130,135,214,199,165,385,39,354,10
2026-09-11T23:30Z,104,122,185,176,154,379,45,365,12
2026-09-12T00:00Z,111,117,168,159,137,377,50,368,14
2026-09-12T00:30Z,109,116,168,179,129,379,54,366,17
2026-09-12T01:00Z,105,115,167,189,134,377,62,367,20
2026-09-12T01:30Z,108,140,204,233,163,378,67,362,30
2026-09-12T02:00Z,110,138,218,247,176,380,53,351,28
2026-09-12T02:30Z,127,144,225,247,169,380,55,341,36
2026-09-12T03:00Z,127,141,224,256,157,378,73,344,35
2026-09-12T03:30Z,132,139,225,255,147,377,64,326,48
2026-09-12T04:00Z,137,133,219,233,158,374,65,309,66
2026-09-12T04:30Z,117,123,208,221,142,371,58,303,54
2026-09-12T05:00Z,118,106,187,193,127,364,41,275,42
2026-09-12T05:30Z,120,109,180,186,118,359,40,270,43
2026-09-12T06:00Z,116,111,172,174,121,353,37,260,39
2026-09-12T06:30Z,107,92,134,143,84,328,31,223,47
2026-09-12T07:00Z,93,83,120,121,78,287,28,192,44
2026-09-12T07:30Z,77,74,104,103,69,235,31,154,46
2026-09-12T08:00Z,67,66,95,86,63,219,27,140,43
2026-09-12T08:30Z,60,59,83,80,55,192,29,74,46
2026-09-12T09:00Z,56,51,74,76,44,162,25,50,41
2026-09-12T09:30Z,53,42,58,58,33,118,20,59,32
2026-09-12T10:00Z,44,38,49,46,28,101,18,61,28
2026-09-12T10:30Z,41,36,45,50,25,87,16,45,23
2026-09-12T11:00Z,33,35,41,50,24,77,14,52,15
2026-09-12T11:30Z,33,35,40,48,25,79,14,47,14
2026-09-12T12:00Z,31,33,36,45,24,74,11,46,5
2026-09-12T12:30Z,33,28,32,42,20,60,9,40,2
2026-09-12T13:00Z,31,27,29,38,20,56,9,36,2
2026-09-12T13:30Z,27,29,30,38,23,54,9,40,3
2026-09-12T14:00Z,25,31,31,39,24,57,8,45,2
2026-09-12T14:30Z,27,34,32,42,24,58,8,51,2
2026-09-12T15:00Z,29,44,37,51,30,67,10,56,2
2026-09-12T15:30Z,32,52,45,54,40,66,11,96,2
2026-09-12T16:00Z,39,56,51,67,41,60,13,106,2
2026-09-12T16:30Z,47,63,60,71,50,84,15,148,4
2026-09-12T17:00Z,47,77,68,84,56,130,19,185,7
2026-09-12T17:30Z,54,74,76,102,62,204,28,180,13
2026-09-12T18:00Z,61,83,76,114,61,231,33,181,20
2026-09-12T18:30Z,70,75,80,122,67,242,37,165,21
2026-09-12T19:00Z,77,77,75,128,59,275,41,199,28
2026-09-12T19:30Z,76,79,73,131,57,278,45,239,31
2026-09-12T20:00Z,77,80,75,129,58,284,49,242,33
2026-09-12T20:30Z,81,79,70,134,51,288,53,251,34
2026-09-12T21:00Z,80,83,78,147,53,296,56,240,41
2026-09-12T21:30Z,75,88,89,160,51,323,58,245,47
2026-09-12T22:00Z,76,90,98,173,61,331,51,201,36
2026-09-12T22:30Z,80,93,96,193,55,337,56,194,36
2026-09-12T23:00Z,80,95,106,204,65,339,76,143,40
2026-09-12T23:30Z,82,97,99,194,57,344,57,236,33
2026-09-13T00:00Z,109,99,108,199,65,346,50,239,19
2026-09-13T00:30Z,110,102,110,201,70,344,54,263,15
2026-09-13T01:00Z,110,106,115,200,71,343,74,298,8
2026-09-13T01:30Z,113,112,111,193,71,342,90,306,11
2026-09-13T02:00Z,120,114,118,198,82,343,86,298,10
2026-09-13T02:30Z,126,118,124,204,84,347,85,291,11
2026-09-13T03:00Z,120,124,132,210,100,347,92,298,7
2026-09-13T03:30Z,126,128,141,230,100,362,94,243,12
2026-09-13T04:00Z,133,136,144,231,109,363,108,216,17
2026-09-13T04:30Z,131,144,149,222,113,358,137,337,33
2026-09-13T05:00Z,154,155,161,225,134,350,171,358,28
2026-09-13T05:30Z,164,167,160,231,140,354,203,368,42
2026-09-13T06:00Z,171,172,167,228,143,347,239,375,50
2026-09-13T06:30Z,186,172,164,218,145,326,243,371,53
2026-09-13T07:00Z,180,170,161,208,142,276,239,368,69
2026-09-13T07:30Z,188,172,165,204,150,213,231,360,116
2026-09-13T08:00Z,181,172,159,195,149,201,231,359,163
2026-09-13T08:30Z,171,169,157,194,150,152,233,363,181
2026-09-13T09:00Z,176,167,153,194,155,153,223,357,176
2026-09-13T09:30Z,177,167,152,192,162,152,222,356,183
2026-09-13T10:00Z,171,166,156,183,166,155,225,358,186
2026-09-13T10:30Z,170,167,159,183,166,151,219,352,187
2026-09-13T11:00Z,169,165,155,175,175,151,221,351,189
2026-09-13T11:30Z,173,166,154,177,175,147,223,349,199
2026-09-13T12:00Z,168,167,155,177,174,143,223,349,200
2026-09-13T12:30Z,170,169,160,183,174,143,224,348,205
2026-09-13T13:00Z,171,165,160,175,175,128,223,349,204
2026-09-13T13:30Z,176,164,160,173,171,132,220,347,201
2026-09-13T14:00Z,179,168,169,180,180,148,224,352,207
2026-09-13T14:30Z,178,173,171,188,190,160,230,356,208
2026-09-13T15:00Z,184,180,172,203,192,189,237,360,202
2026-09-13T15:30Z,190,183,179,208,201,217,243,365,211
2026-09-13T16:00Z,201,190,179,217,212,210,247,367,205
2026-09-13T16:30Z,204,193,183,225,223,250,243,367,204
2026-09-13T17:00Z,211,198,189,240,228,286,246,374,199
2026-09-13T17:30Z,213,204,197,249,234,329,243,378,215
2026-09-13T18:00Z,214,204,199,249,237,344,244,380,217
2026-09-13T18:30Z,217,204,203,252,240,348,245,381,214
2026-09-13T19:00Z,216,199,205,251,238,354,239,380,207
2026-09-13T19:30Z,139,199,203,251,239,360,236,380,190
2026-09-13T20:00Z,208,195,203,251,239,366,233,379,187
2026-09-13T20:30Z,202,200,227,278,234,362,227,374,171
2026-09-13T21:00Z,199,196,231,274,232,359,220,375,131
2026-09-13T21:30Z,198,195,233,264,226,361,225,378,102
2026-09-13T22:00Z,191,196,238,267,225,367,226,379,83
2026-09-13T22:30Z,191,199,245,272,227,369,222,377,76
2026-09-13T23:00Z,184,197,247,269,229,371,217,377,75
2026-09-13T23:30Z,177,197,247,273,220,369,218,379,36
2026-09-14T00:00Z,198,194,239,270,206,369,213,379,42
2026-09-14T00:30Z,190,189,235,264,208,369,196,374,46
2026-09-14T01:00Z,200,185,234,260,204,372,188,372,53
2026-09-14T01:30Z,195,189,231,269,206,368,190,373,56
2026-09-14T02:00Z,188,183,226,265,207,371,172,373,30
2026-09-14T02:30Z,186,185,242,265,207,370,149,366,31
2026-09-14T03:00Z,188,190,246,269,210,373,154,369,37
2026-09-14T03:30Z,192,190,240,272,213,369,164,373,35
2026-09-14T04:00Z,194,189,239,264,210,367,164,372,43
2026-09-14T04:30Z,200,191,239,268,205,367,186,374,44
2026-09-14T05:00Z,200,195,238,262,207,360,206,379,46
2026-09-14T05:30Z,196,192,237,253,206,356,205,379,37
2026-09-14T06:00Z,199,194,237,257,199,355,199,378,40
2026-09-14T06:30Z,188,178,215,234,197,343,206,373,48
2026-09-14T07:00Z,188,174,207,230,184,303,197,369,37
2026-09-14T07:30Z,175,165,191,222,183,244,188,361,41
2026-09-14T08:00Z,173,162,187,219,180,206,189,361,36
2026-09-14T08:30Z,160,157,182,211,177,198,180,352,43
2026-09-14T09:00Z,155,147,173,196,169,155,158,342,34
2026-09-14T09:30Z,152,143,168,175,165,137,156,332,35
2026-09-14T10:00Z,145,136,165,170,159,123,140,322,28
2026-09-14T10:30Z,142,128,157,157,150,111,124,311,30
2026-09-14T11:00Z,138,121,147,158,138,105,116,305,30
2026-09-14T11:30Z,124,114,144,153,133,90,96,285,35
2026-09-14T12:00Z,119,111,144,159,132,100,89,286,31
2026-09-14T12:30Z,111,110,147,159,135,97,71,258,23
2026-09-14T13:00Z,112,107,148,149,141,97,62,246,25
2026-09-14T13:30Z,110,105,149,153,135,115,48,195,24
2026-09-14T14:00Z,109,111,145,144,140,128,52,218,37
2026-09-14T14:30Z,112,119,151,163,145,150,68,270,17
2026-09-14T15:00Z,125,124,157,170,140,162,83,295,27
2026-09-14T15:30Z,129,129,157,179,133,172,100,319,43
2026-09-14T16:00Z,131,133,159,191,134,187,101,325,44
2026-09-14T16:30Z,130,148,171,199,142,240,124,348,52
2026-09-14T17:00Z,140,151,178,216,148,268,127,355,49
2026-09-14T17:30Z,151,154,182,220,149,294,129,359,59
2026-09-14T18:00Z,149,151,180,219,147,326,128,361,62
2026-09-14T18:30Z,148,147,173,217,138,328,134,365,61
2026-09-14T19:00Z,144,142,177,216,142,332,125,362,54
2026-09-14T19:30Z,65,144,178,223,141,325,130,362,49
2026-09-14T20:00Z,136,138,177,224,138,327,125,359,30
2026-09-14T20:30Z,135,130,166,222,129,341,110,350,30
2026-09-14T21:00Z,130,119,158,204,119,336,93,342,18
2026-09-14T21:30Z,123,102,134,177,94,331,78,334,11
2026-09-14T22:00Z,117,95,119,158,84,333,66,324,9
2026-09-14T22:30Z,102,81,107,136,78,338,46,307,7
2026-09-14T23:00Z,93,80,105,131,75,340,36,295,7
2026-09-14T23:30Z,91,73,97,117,70,337,31,283,6
2026-09-15T00:00Z,77,70,93,118,67,334,26,276,4
2026-09-15T00:30Z,70,69,90,118,63,335,27,280,5
2026-09-15T01:00Z,68,66,88,112,61,331,21,254,5
2026-09-15T01:30Z,67,68,87,115,61,324,25,256,4
2026-09-15T02:00Z,63,66,88,115,61,325,23,242,5
2026-09-15T02:30Z,66,66,81,115,53,316,28,250,5
2026-09-15T03:00Z,67,62,77,104,49,310,22,243,4
2026-09-15T03:30Z,64,68,81,110,51,320,23,256,5
2026-09-15T04:00Z,62,69,87,114,58,325,23,253,5
2026-09-15T04:30Z,67,68,90,108,63,318,20,230,5
2026-09-15T05:00Z,69,81,93,114,63,317,19,207,5
2026-09-15T05:30Z,76,83,91,110,65,311,16,251,4
2026-09-15T06:00Z,71,85,93,111,62,315,14,214,4
2026-09-15T06:30Z,64,74,92,106,57,272,19,213,5
2026-09-15T07:00Z,64,67,87,95,51,211,17,176,5
2026-09-15T07:30Z,64,60,86,99,46,153,20,175,6
2026-09-15T08:00Z,57,57,82,97,40,141,15,164,4
2026-09-15T08:30Z,56,50,75,88,39,109,15,119,2
2026-09-15T09:00Z,52,44,66,74,31,94,14,107,3
2026-09-15T09:30Z,45,41,58,60,24,80,13,90,3
2026-09-15T10:00Z,42,39,56,51,21,78,11,84,3
2026-09-15T10:30Z,36,37,56,44,22,66,7,68,2
2026-09-15T11:00Z,34,34,57,39,25,68,7,58,2
2026-09-15T11:30Z,32,34,57,41,25,63,7,55,1
2026-09-15T12:00Z,29,35,47,39,27,64,6,54,2
2026-09-15T12:30Z,30,37,58,46,27,66,7,46,1
2026-09-15T13:00Z,34,38,58,51,26,61,7,48,2
2026-09-15T13:30Z,34,39,52,55,31,71,8,51,2
2026-09-15T14:00Z,37,46,57,63,42,87,8,109,2
2026-09-15T14:30Z,38,67,78,88,64,139,10,161,3
2026-09-15T15:00Z,47,88,105,111,92,172,31,237,5
2026-09-15T15:30Z,66,117,141,150,126,222,58,275,18
2026-09-15T16:00Z,98,125,159,172,138,254,69,294,18
2026-09-15T16:30Z,120,135,169,193,134,258,92,335,17
2026-09-15T17:00Z,133,144,178,206,138,283,81,337,15
2026-09-15T17:30Z,139,153,187,225,139,313,95,352,18
2026-09-15T18:00Z,146,156,192,240,139,338,100,360,22
2026-09-15T18:30Z,148,148,187,238,131,349,100,355,20
2026-09-15T19:00Z,150,146,182,236,133,351,106,360,33
2026-09-15T19:30Z,28,136,176,227,125,357,106,369,43
2026-09-15T20:00Z,142,116,150,199,108,353,77,359,46
2026-09-15T20:30Z,136,96,115,171,85,335,57,350,32
2026-09-15T21:00Z,114,84,93,153,70,331,36,341,13
2026-09-15T21:30Z,83,65,69,114,56,337,24,340,9
2026-09-15T22:00Z,77,65,68,110,49,339,27,336,10
2026-09-15T22:30Z,58,73,72,126,49,353,36,339,5
2026-09-15T23:00Z,57,70,71,133,46,351,35,337,5
2026-09-15T23:30Z,56,70,73,142,51,335,24,304,4
2026-09-16T00:00Z,67,70,71,135,42,338,35,355,3
2026-09-16T00:30Z,69,71,70,141,45,344,32,348,3
2026-09-16T01:00Z,70,70,68,147,42,343,26,338,3
2026-09-16T01:30Z,73,69,64,140,42,337,31,338,4
2026-09-16T02:00Z,72,64,62,128,38,327,28,332,4
2026-09-16T02:30Z,72,64,62,123,37,316,28,334,3
2026-09-16T03:00Z,67,69,65,134,39,320,29,330,3
2026-09-16T03:30Z,71,81,79,160,45,345,40,340,4
2026-09-16T04:00Z,71,97,93,186,52,357,47,342,5
2026-09-16T04:30Z,90,128,129,212,75,366,97,365,10
2026-09-16T05:00Z,95,145,149,233,89,362,135,373,13
2026-09-16T05:30Z,150,144,147,230,96,355,135,373,19
2026-09-16T06:00Z,155,145,149,227,92,344,159,376,30
2026-09-16T06:30Z,153,129,134,208,81,296,144,369,29
2026-09-16T07:00Z,138,129,132,194,88,126,147,363,35
2026-09-16T07:30Z,131,127,134,185,96,97,143,361,23
2026-09-16T08:00Z,132,122,127,174,86,87,138,355,21
2026-09-16T08:30Z,133,114,116,165,79,79,124,349,14
2026-09-16T09:00Z,131,109,106,149,76,67,118,339,16
2026-09-16T09:30Z,119,112,108,142,81,72,112,335,20
2026-09-16T10:00Z,110,111,104,135,77,93,110,329,32
2026-09-16T10:30Z,107,117,109,138,79,100,120,328,44
2026-09-16T11:00Z,108,117,109,141,78,89,123,320,63
2026-09-16T11:30Z,114,120,116,151,88,109,128,315,66
2026-09-16T12:00Z,119,120,117,154,91,114,126,316,60
2026-09-16T12:30Z,121,118,117,153,92,117,122,314,51
2026-09-16T13:00Z,123,111,114,145,86,108,113,307,39
2026-09-16T13:30Z,121,105,111,138,87,105,97,302,25
2026-09-16T14:00Z,113,109,111,146,95,102,100,313,25
2026-09-16T14:30Z,107,117,120,160,100,121,120,324,28
2026-09-16T15:00Z,113,126,135,175,120,127,136,331,31
2026-09-16T15:30Z,126,136,157,189,146,145,143,346,33
2026-09-16T16:00Z,138,137,163,199,158,178,142,350,35
2026-09-16T16:30Z,139,150,176,213,166,203,124,353,31
2026-09-16T17:00Z,149,152,182,212,174,280,109,357,27
2026-09-16T17:30Z,146,147,190,206,176,311,120,362,25
2026-09-16T18:00Z,152,146,191,207,176,325,116,363,29
2026-09-16T18:30Z,150,144,193,213,173,348,108,363,29
2026-09-16T19:00Z,144,132,181,199,162,337,99,363,26
2026-09-16T19:30Z,89,128,173,202,156,311,91,354,28
2026-09-16T20:00Z,129,116,159,188,144,293,83,348,24
2026-09-16T20:30Z,124,110,152,169,136,257,72,332,16
2026-09-16T21:00Z,111,94,134,153,119,230,49,310,9
2026-09-16T21:30Z,94,104,147,146,131,249,41,296,10
2026-09-16T22:00Z,83,105,154,160,131,275,47,298,6
2026-09-16T22:30Z,91,100,159,161,134,290,38,274,5
2026-09-16T23:00Z,86,91,147,148,126,275,30,259,3
2026-09-16T23:30Z,85,84,113,133,90,237,42,284,7
2026-09-17T00:00Z,85,81,110,131,87,249,35,272,7
2026-09-17T00:30Z,79,75,105,132,85,255,33,270,5
2026-09-17T01:00Z,78,72,92,118,75,239,25,259,5
2026-09-17T01:30Z,78,66,79,116,63,242,28,265,5
2026-09-17T02:00Z,70,65,74,109,59,200,26,257,6
2026-09-17T02:30Z,69,70,70,111,52,186,29,269,6
2026-09-17T03:00Z,65,63,65,108,50,184,27,269,8
2026-09-17T03:30Z,64,65,66,105,51,185,23,259,8
2026-09-17T04:00Z,63,66,65,103,52,189,23,257,8
2026-09-17T04:30Z,62,71,63,109,51,167,27,253,9
2026-09-17T05:00Z,63,83,74,118,56,199,33,268,10
2026-09-17T05:30Z,68,91,88,122,67,235,40,286,7
2026-09-17T06:00Z,70,97,95,130,74,250,47,305,7
2026-09-17T06:30Z,79,64,77,98,60,241,23,281,5
2026-09-17T07:00Z,77,55,62,81,47,218,15,239,6
2026-09-17T07:30Z,59,53,60,82,46,170,13,193,5
2026-09-17T08:00Z,52,43,52,74,38,97,11,136,6
2026-09-17T08:30Z,52,39,42,59,31,58,8,126,4
2026-09-17T09:00Z,41,37,40,52,29,47,8,110,5
2026-09-17T09:30Z,35,39,40,51,30,40,7,96,4
2026-09-17T10:00Z,34,36,40,49,30,38,7,82,5
2026-09-17T10:30Z,32,38,40,45,31,35,7,86,6
2026-09-17T11:00Z,31,35,40,45,29,34,7,81,4
2026-09-17T11:30Z,30,35,40,45,29,35,7,79,4
2026-09-17T12:00Z,31,38,39,48,27,38,7,88,3
2026-09-17T12:30Z,30,40,45,52,30,44,7,83,3
2026-09-17T13:00Z,32,46,52,61,37,55,10,94,4
2026-09-17T13:30Z,35,47,57,63,41,62,10,99,4
2026-09-17T14:00Z,41,50,60,62,48,64,12,97,6
2026-09-17T14:30Z,42,53,66,69,57,82,11,114,4
2026-09-17T15:00Z,45,58,72,74,60,98,13,138,5
2026-09-17T15:30Z,51,71,88,85,72,130,15,188,8
2026-09-17T16:00Z,52,77,99,94,81,165,21,224,7
2026-09-17T16:30Z,66,87,113,119,93,214,27,258,7
2026-09-17T17:00Z,79,92,123,148,99,257,25,267,6
2026-09-17T17:30Z,91,98,127,167,96,285,29,298,4
2026-09-17T18:00Z,91,102,131,171,100,312,36,317,4
2026-09-17T18:30Z,92,93,126,159,91,324,36,321,4
2026-09-17T19:00Z,94,80,114,144,85,316,26,302,4
2026-09-17T19:30Z,47,78,106,139,79,316,21,291,3
2026-09-17T20:00Z,84,76,106,143,75,316,22,287,3
2026-09-17T20:30Z,76,78,109,144,79,313,20,267,3
2026-09-17T21:00Z,77,79,109,145,73,309,14,249,2
2026-09-17T21:30Z,74,78,107,142,70,317,12,248,2
2026-09-17T22:00Z,71,73,108,142,71,328,16,273,2
2026-09-17T22:30Z,71,65,98,118,65,327,10,253,1
2026-09-17T23:00Z,70,68,102,121,65,334,15,266,1
2026-09-17T23:30Z,70,66,104,128,71,320,12,193,1
2026-09-18T00:00Z,65,66,105,113,75,315,11,215,1
2026-09-18T00:30Z,68,65,105,120,73,330,12,193,1
2026-09-18T01:00Z,64,62,102,121,71,330,12,170,1
2026-09-18T01:30Z,64,59,92,110,66,328,12,144,2
2026-09-18T02:00Z,65,61,95,116,66,330,13,147,2
2026-09-18T02:30Z,57,65,99,112,70,329,14,216,3
2026-09-18T03:00Z,60,64,101,114,73,327,15,224,3
2026-09-18T03:30Z,61,63,89,102,64,309,16,243,3
2026-09-18T04:00Z,64,67,89,102,63,311,20,267,3
2026-09-18T04:30Z,65,76,107,125,76,334,32,292,4
2026-09-18T05:00Z,38,87,116,141,81,342,37,310,5
2026-09-18T05:30Z,85,80,113,129,75,343,27,308,5
2026-09-18T06:00Z,83,85,110,131,69,346,21,304,6
2026-09-18T06:30Z,77,85,107,137,68,317,21,286,10
2026-09-18T07:00Z,68,80,108,121,70,286,23,212,20
2026-09-18T07:30Z,73,78,109,105,68,252,22,189,24
2026-09-18T08:00Z,72,70,104,97,64,237,20,132,21
2026-09-18T08:30Z,66,63,96,86,57,207,19,96,19
2026-09-18T09:00Z,64,58,84,70,52,166,15,136,19
2026-09-18T09:30Z,55,53,79,65,47,151,16,132,19
2026-09-18T10:00Z,51,50,73,57,41,143,12,126,17
2026-09-18T10:30Z,49,45,57,55,34,118,9,109,14
2026-09-18T11:00Z,45,42,53,46,33,96,8,133,12
2026-09-18T11:30Z,41,40,56,47,31,92,8,123,12
2026-09-18T12:00Z,39,38,53,47,29,85,9,115,10
2026-09-18T12:30Z,40,40,52,49,24,93,10,120,10
2026-09-18T13:00Z,41,39,46,46,23,92,10,126,10
2026-09-18T13:30Z,38,38,44,50,23,101,10,141,10
2026-09-18T14:00Z,37,38,43,56,23,105,11,137,8
2026-09-18T14:30Z,38,40,46,57,29,115,9,141,7
2026-09-18T15:00Z,38,43,50,63,32,121,9,171,8
2026-09-18T15:30Z,42,53,55,78,38,146,11,177,7
2026-09-18T16:00Z,45,58,62,88,41,168,13,189,6
2026-09-18T16:30Z,48,73,79,110,54,212,17,210,5
2026-09-18T17:00Z,55,76,85,115,60,238,26,242,7
2026-09-18T17:30Z,63,73,81,109,61,244,23,244,6
2026-09-18T18:00Z,68,76,85,116,65,257,20,234,7
2026-09-18T18:30Z,64,71,82,114,59,265,20,225,7
2026-09-18T19:00Z,63,63,76,107,53,261,13,202,6
2026-09-18T19:30Z,65,64,77,108,56,260,14,202,5
2026-09-18T20:00Z,60,58,69,96,50,244,10,189,5
2026-09-18T20:30Z,59,60,73,103,53,252,10,190,5
2026-09-18T21:00Z,54,58,75,105,55,256,11,177,5
2026-09-18T21:30Z,51,62,76,98,57,259,12,195,6
2026-09-18T22:00Z,53,64,78,101,58,262,15,168,6
2026-09-18T22:30Z,55,62,75,98,58,256,16,179,6
2026-09-18T23:00Z,54,60,74,94,58,262,15,195,8
2026-09-18T23:30Z,54,58,67,95,50,250,16,183,7
2026-09-19T00:00Z,55,57,70,97,53,252,16,201,6
2026-09-19T00:30Z,53,56,69,101,52,255,16,202,6
2026-09-19T01:00Z,54,54,66,96,49,264,15,199,5
2026-09-19T01:30Z,54,51,59,90,44,243,15,184,5
2026-09-19T02:00Z,52,50,57,86,41,242,14,184,5
2026-09-19T02:30Z,48,50,59,88,43,256,13,182,5
2026-09-19T03:00Z,47,50,60,87,44,257,12,190,5
2026-09-19T03:30Z,46,47,59,85,44,250,13,180,6
2026-09-19T04:00Z,48,48,60,87,43,260,13,183,6
2026-09-19T04:30Z,48,54,67,97,48,273,14,201,6
2026-09-19T05:00Z,54,61,67,99,48,277,18,216,6
2026-09-19T05:30Z,53,54,66,97,48,260,15,204,5
2026-09-19T06:00Z,52,58,64,94,47,245,14,198,5
2026-09-19T06:30Z,52,52,61,88,43,235,18,212,4
2026-09-19T07:00Z,45,53,64,85,45,207,10,177,5
2026-09-19T07:30Z,48,51,67,91,43,202,10,194,5
2026-09-19T08:00Z,44,49,65,86,41,200,11,199,5
2026-09-19T08:30Z,46,48,61,72,41,182,8,187,5
2026-09-19T09:00Z,44,42,57,60,37,173,5,188,3
2026-09-19T09:30Z,42,40,53,47,34,150,6,200,3
2026-09-19T10:00Z,40,38,50,44,34,130,6,197,3
2026-09-19T10:30Z,38,39,49,42,35,132,5,182,3
2026-09-19T11:00Z,35,39,50,43,36,131,5,159,3
2026-09-19T11:30Z,34,40,50,46,38,138,5,163,3
2026-09-19T12:00Z,35,41,53,48,42,157,5,173,2
2026-09-19T12:30Z,37,44,55,50,45,184,6,151,4
2026-09-19T13:00Z,38,45,59,52,51,180,5,132,2
2026-09-19T13:30Z,40,48,62,54,53,186,4,130,2
2026-09-19T14:00Z,42,58,72,61,61,226,5,134,2
2026-09-19T14:30Z,44,57,78,71,65,247,5,146,2
2026-09-19T15:00Z,46,64,82,77,69,246,5,138,1
2026-09-19T15:30Z,51,63,92,93,79,250,7,143,2
2026-09-19T16:00Z,52,71,100,105,88,262,6,182,2
2026-09-19T16:30Z,58,93,128,141,109,314,13,246,3
2026-09-19T17:00Z,62,100,143,167,118,345,12,258,3
2026-09-19T17:30Z,95,95,144,187,115,350,10,255,1
2026-09-19T18:00Z,98,96,144,191,111,352,13,269,1
2026-09-19T18:30Z,97,90,141,193,121,337,6,238,2
2026-09-19T19:00Z,90,87,136,177,117,338,7,251,1
2026-09-19T19:30Z,63,90,132,187,98,347,13,274,1
2026-09-19T20:00Z,75,86,133,176,104,352,15,287,1
2026-09-19T20:30Z,89,90,140,186,110,358,22,280,0
2026-09-19T21:00Z,84,85,133,169,109,356,22,282,0
2026-09-19T21:30Z,88,74,115,149,91,347,16,268,0
2026-09-19T22:00Z,81,63,92,116,73,335,6,235,0
2026-09-19T22:30Z,71,58,86,104,68,335,4,194,0
2026-09-19T23:00Z,67,54,80,95,61,333,4,183,0
2026-09-19T23:30Z,68,60,86,105,58,343,6,232,1
2026-09-20T00:00Z,52,64,93,115,63,349,7,279,1
2026-09-20T00:30Z,54,69,100,128,69,353,12,308,1
2026-09-20T01:00Z,57,68,102,131,72,353,13,318,1
2026-09-20T01:30Z,65,68,102,129,73,353,13,312,1
2026-09-20T02:00Z,65,64,97,122,69,353,10,291,1
2026-09-20T02:30Z,68,64,97,117,68,351,9,259,1
2026-09-20T03:00Z,59,64,99,120,70,356,9,238,1
2026-09-20T03:30Z,57,67,110,138,77,365,12,186,1
2026-09-20T04:00Z,57,64,110,142,74,370,12,183,1
2026-09-20T04:30Z,63,59,96,125,63,369,10,154,1
2026-09-20T05:00Z,72,64,93,125,60,371,8,295,1
2026-09-20T05:30Z,60,65,95,135,58,376,9,232,1
2026-09-20T06:00Z,58,67,96,136,54,372,7,282,1
2026-09-20T06:30Z,57,61,92,122,52,353,7,258,1
2026-09-20T07:00Z,47,61,94,123,54,340,9,158,2
2026-09-20T07:30Z,48,50,77,84,42,278,8,128,1
2026-09-20T08:00Z,53,42,63,59,34,238,5,97,2
2026-09-20T08:30Z,45,41,63,46,42,206,6,82,2
2026-09-20T09:00Z,36,39,61,38,41,132,6,73,3
2026-09-20T09:30Z,33,38,54,42,35,129,6,66,4
2026-09-20T10:00Z,33,38,52,45,36,113,7,49,4
2026-09-20T10:30Z,32,38,56,42,41,103,6,46,5
2026-09-20T11:00Z,31,38,55,43,39,97,6,47,5
2026-09-20T11:30Z,35,38,55,47,39,82,8,44,6
2026-09-20T12:00Z,34,38,57,47,41,65,8,50,6
2026-09-20T12:30Z,34,37,58,48,41,64,8,41,7
2026-09-20T13:00Z,31,40,62,47,45,67,7,65,6
2026-09-20T13:30Z,33,45,73,49,48,70,10,23,7
2026-09-20T14:00Z,37,53,85,49,54,83,9,9,6
2026-09-20T14:30Z,39,56,123,68,85,93,12,6,6
2026-09-20T15:00Z,48,74,155,106,103,111,16,10,1
2026-09-20T15:30Z,72,91,154,117,148,124,25,201,9
2026-09-20T16:00Z,83,112,165,149,165,153,48,300,7
2026-09-20T16:30Z,104,136,197,183,183,223,95,341,41
2026-09-20T17:00Z,145,152,207,202,195,275,131,365,42
2026-09-20T17:30Z,146,158,202,216,192,305,146,377,32
2026-09-20T18:00Z,163,164,206,219,206,362,146,382,48
2026-09-20T18:30Z,162,161,194,229,189,377,144,378,63
2026-09-20T19:00Z,155,159,184,229,164,385,136,381,60
2026-09-20T19:30Z,61,149,181,225,163,385,130,383,49
2026-09-20T20:00Z,140,143,165,209,136,386,134,387,43
2026-09-20T20:30Z,149,136,172,201,163,387,125,387,39
2026-09-20T21:00Z,117,130,165,198,127,389,131,388,35
2026-09-20T21:30Z,138,127,165,182,145,389,132,389,29
2026-09-20T22:00Z,129,131,187,188,186,390,131,390,38
2026-09-20T22:30Z,120,139,194,205,188,390,138,389,47
2026-09-20T23:00Z,125,141,194,202,191,389,143,389,37
2026-09-20T23:30Z,125,138,178,201,173,385,119,386,28
2026-09-21T00:00Z,138,136,164,193,130,380,115,384,28
2026-09-21T00:30Z,136,139,158,200,134,380,108,387,32
2026-09-21T01:00Z,136,143,173,206,185,378,131,389,28
2026-09-21T01:30Z,135,138,168,209,178,379,108,386,26
2026-09-21T02:00Z,147,137,174,192,211,379,114,386,27
2026-09-21T02:30Z,144,139,164,190,181,380,134,386,23
2026-09-21T03:00Z,141,143,167,193,185,382,142,386,28
2026-09-21T03:30Z,135,159,194,233,170,384,150,384,40
2026-09-21T04:00Z,154,164,201,240,175,386,162,386,43
2026-09-21T04:30Z,162,171,224,237,196,386,164,387,41
2026-09-21T05:00Z,130,183,233,248,196,387,179,388,46
2026-09-21T05:30Z,176,181,226,234,222,389,181,389,65
2026-09-21T06:00Z,178,179,225,226,227,382,178,388,68
2026-09-21T06:30Z,186,173,216,194,261,355,168,383,67
2026-09-21T07:00Z,176,165,204,177,257,293,149,373,62
2026-09-21T07:30Z,168,158,198,164,253,260,127,361,59
2026-09-21T08:00Z,158,154,192,157,246,238,130,356,58
2026-09-21T08:30Z,155,142,178,140,231,207,116,345,58
2026-09-21T09:00Z,150,134,158,123,211,182,113,338,60
2026-09-21T09:30Z,141,127,148,112,195,151,107,330,63
2026-09-21T10:00Z,132,118,136,104,181,131,97,317,59
2026-09-21T10:30Z,128,119,133,102,177,111,95,306,66
2026-09-21T11:00Z,117,113,130,100,171,98,93,302,70
2026-09-21T11:30Z,115,110,126,95,165,99,82,291,69
2026-09-21T12:00Z,116,106,121,95,157,90,75,283,60
2026-09-21T12:30Z,110,108,127,99,159,97,85,297,66
2026-09-21T13:00Z,105,115,134,113,161,111,109,317,74
2026-09-21T13:30Z,111,125,142,127,169,122,121,325,68
2026-09-21T14:00Z,121,140,157,144,187,139,144,332,88
2026-09-21T14:30Z,128,154,176,169,203,172,166,340,98
2026-09-21T15:00Z,142,170,191,188,220,186,180,349,101
2026-09-21T15:30Z,169,186,218,215,240,227,192,358,83
2026-09-21T16:00Z,180,197,233,231,254,251,199,366,80
2026-09-21T16:30Z,200,203,247,243,245,283,203,374,77
2026-09-21T17:00Z,211,213,260,254,254,320,215,381,73
2026-09-21T17:30Z,215,214,263,271,255,359,217,386,85
2026-09-21T18:00Z,217,216,265,277,256,378,223,390,81
2026-09-21T18:30Z,213,209,254,273,273,385,224,391,85
2026-09-21T19:00Z,210,208,253,274,274,387,223,391,84
2026-09-21T19:30Z,38,203,249,273,256,387,224,391,92
2026-09-21T20:00Z,204,202,247,271,253,386,219,391,90
2026-09-21T20:30Z,204,202,252,282,236,387,201,390,88
2026-09-21T21:00Z,201,195,240,270,222,387,214,390,86
2026-09-21T21:30Z,204,197,248,277,214,386,205,390,71
2026-09-21T22:00Z,197,195,250,280,212,387,203,390,67
2026-09-21T22:30Z,199,197,250,288,206,389,196,391,69
2026-09-21T23:00Z,198,196,249,287,209,388,202,391,48
2026-09-21T23:30Z,198,195,243,289,207,390,213,392,52
